<?xml version="1.0"?>
<data grt_format="2.0">
  <value _ptr_="0000024AEF40D730" type="list" content-type="object" content-struct-name="db.mgmt.Connection">
    <value type="object" struct-name="db.mgmt.Connection" id="{93D46B5B-8E83-489B-88CF-86F4189739D3}" struct-checksum="0x96ba47d8">
      <link type="object" struct-name="db.mgmt.Driver" key="driver">com.mysql.rdbms.mysql.driver.native</link>
      <value type="string" key="hostIdentifier">Mysql@127.0.0.1:3306</value>
      <value type="int" key="isDefault">0</value>
      <value _ptr_="0000024AF39F15D0" type="dict" key="modules"/>
      <value _ptr_="0000024AF39F1AB0" type="dict" key="parameterValues">
        <value type="string" key="DbSqlEditor:LastDefaultSchema">capstone</value>
        <value type="string" key="SQL_MODE"></value>
        <value type="string" key="hostName">127.0.0.1</value>
        <value type="int" key="lastConnected">1675829709</value>
        <value type="string" key="password"></value>
        <value type="int" key="port">3306</value>
        <value type="string" key="schema"></value>
        <value type="string" key="serverVersion">8.0.31</value>
        <value type="string" key="sslCA"></value>
        <value type="string" key="sslCert"></value>
        <value type="string" key="sslCipher"></value>
        <value type="string" key="sslKey"></value>
        <value type="int" key="useSSL">1</value>
        <value type="string" key="userName">root</value>
      </value>
      <value type="string" key="name">capstone</value>
      <link type="object" struct-name="GrtObject" key="owner">{0992E49D-5563-4FF1-A44D-F3AB45B29F2C}</link>
    </value>
  </value>
</data>
