<?xml version="1.0"?>
<data grt_format="2.0">
  <value _ptr_="0000024AEF40CC40" type="list" content-type="object" content-struct-name="db.mgmt.ServerInstance">
    <value type="object" struct-name="db.mgmt.ServerInstance" id="{164BC5F4-2D1A-4578-90C7-B26E4DC13083}" struct-checksum="0x367436e2">
      <link type="object" struct-name="db.mgmt.Connection" key="connection">{93D46B5B-8E83-489B-88CF-86F4189739D3}</link>
      <value _ptr_="0000024AF39F0D30" type="dict" key="loginInfo">
        <value type="string" key="ssh.hostName"></value>
        <value type="string" key="ssh.key">C:\Users\Admin\AppData\Roaming/.ssh/ssh_private_key</value>
        <value type="string" key="ssh.localPort">3306</value>
        <value type="int" key="ssh.useKey">0</value>
        <value type="string" key="ssh.userName">mysql</value>
      </value>
      <value _ptr_="0000024AF39F2DD0" type="dict" key="serverInfo">
        <value type="string" key="basedir">C:\Program Files\MySQL\MySQL Server 8.0\</value>
        <value type="string" key="datadir">C:\ProgramData\MySQL\MySQL Server 8.0\Data\</value>
        <value type="string" key="errorLogFilePath">DESKTOP-SLNDDHO.err</value>
        <value type="string" key="generalLogFilePath">DESKTOP-SLNDDHO.log</value>
        <value type="string" key="serverVersion">8.0.31</value>
        <value type="int" key="setupPending">1</value>
        <value type="int" key="slowLogEnabled">1</value>
        <value type="string" key="slowLogFilePath">DESKTOP-SLNDDHO-slow.log</value>
        <value type="int" key="sys.usesudo">0</value>
        <value type="int" key="sys.usesudostatus">0</value>
        <value type="int" key="windowsAdmin">1</value>
      </value>
      <value type="string" key="name">capstone</value>
    </value>
  </value>
</data>
